"","EMP_Micro","EMP_Meso","EMP_Macro","STN_Meso","STN_Macro","FMWT_Meso","FMWT_Macro","twentymm_Meso","FRP_Meso","FRP_Macro","YBFMP","Lifestage","Taxname","Level","Phylum","Class","Order","Family","Genus","Species","Intro","EMPstart","EMPend","FMWTstart","FMWTend","twentymmstart","twentymmend","twentymmstart2"
"1",NA,"ACARTELA",NA,"ACARTELA",NA,"ACARTELA",NA,"Acartiella","Acartiella","Acartiella","Acartiella sinensis NA","Adult","Acartiella sinensis","Species","Arthropoda","Copepoda","Calanoida","Acartiidae","Acartiella","Acartiella sinensis",1993-01-01,1994-01-01,NA,1994-01-01,NA,1995-01-01,NA,NA
"2",NA,"ACARTIA",NA,"ACARTIA",NA,"ACARTIA",NA,"Acartia spp_","Acartia spp.","Acartia spp.",NA,"Adult","Acartia","Genus","Arthropoda","Copepoda","Calanoida","Acartiidae","Acartia",NA,NA,1972-01-01,NA,1972-01-01,NA,1995-01-01,NA,NA
"3",NA,NA,NA,NA,NA,NA,NA,"Diaptomus spp_",NA,NA,NA,"Adult","Diaptomus","Genus","Arthropoda","Copepoda","Calanoida","Diaptomidae","Diaptomus",NA,NA,NA,NA,NA,NA,1995-01-01,NA,NA
"4",NA,"DIAPTOM",NA,"DIAPTOM",NA,"DIAPTOM",NA,NA,"Diaptomidae spp.","Diaptomidae spp.",NA,"Adult","Diaptomidae","Family","Arthropoda","Copepoda","Calanoida","Diaptomidae",NA,NA,NA,1972-01-01,NA,1972-01-01,NA,NA,NA,NA
"5",NA,"EURYTEM",NA,"EURYTEM",NA,"EURYTEM",NA,"Eurytemora spp_","Eurytemora affinis","Eurytemora affinis","Eurytemora affinis adult","Adult","Eurytemora affinis","Species","Arthropoda","Copepoda","Calanoida","Temoridae","Eurytemora","Eurytemora affinis",NA,1972-01-01,NA,1972-01-01,NA,1995-01-01,NA,NA
"6",NA,NA,NA,NA,NA,NA,NA,"Osphranticum","Osphranticum","Osphranticum","Osphranticum labronectum NA","Adult","Osphranticum labronectum","Species","Arthropoda","Copepoda","Calanoida","Centropagidae","Osphranticum","Osphranticum labronectum",NA,NA,NA,NA,NA,1995-01-01,NA,NA
"7",NA,NA,NA,NA,NA,NA,NA,"UnID calanoid","Calanoid UNID","Calanoid UNID","Calanoida adult","Adult","Calanoida","Order","Arthropoda","Copepoda","Calanoida",NA,NA,NA,NA,NA,NA,NA,NA,2006-01-01,NA,NA
"8",NA,NA,NA,NA,NA,NA,NA,NA,"Calanoid","Calanoid",NA,"Adult","Calanoida","Order","Arthropoda","Copepoda","Calanoida",NA,NA,NA,NA,NA,NA,NA,NA,NA,NA,NA
"9",NA,"OTHCALAD",NA,"OTHCALAD",NA,"OTHCALAD",NA,"Other calanoid","Calanoid Other","Calanoid Other","Calanoida NA","Adult","Calanoida","Order","Arthropoda","Copepoda","Calanoida",NA,NA,NA,NA,1972-01-01,NA,1972-01-01,NA,1995-01-01,NA,NA
"10",NA,NA,NA,NA,NA,NA,NA,"Pseudodiaptomus spp_","Pseudodiaptomus spp.","Pseudodiaptomus spp.",NA,"Adult","Pseudodiaptomus","Genus","Arthropoda","Copepoda","Calanoida","Pseudodiaptomidae","Pseudodiaptomus",NA,1986-01-01,NA,NA,NA,NA,1995-01-01,NA,NA
"11",NA,"PDIAPFOR",NA,"PDIAPFOR",NA,"PDIAPFOR",NA,"Pseudodiaptomus forbesii","Pseudodiaptomus forbesi","Pseudodiaptomus forbesi","Pseudodiaptomus forbesi adult","Adult","Pseudodiaptomus forbesi","Species","Arthropoda","Copepoda","Calanoida","Pseudodiaptomidae","Pseudodiaptomus","Pseudodiaptomus forbesi",1987-01-01,1988-01-01,NA,1988-01-01,NA,2006-01-01,NA,NA
"12",NA,"PDIAPMAR",NA,"PDIAPMAR",NA,"PDIAPMAR",NA,"Pseudodiaptomus marinus","Pseudodiaptomus marinus","Pseudodiaptomus marinus",NA,"Adult","Pseudodiaptomus marinus","Species","Arthropoda","Copepoda","Calanoida","Pseudodiaptomidae","Pseudodiaptomus","Pseudodiaptomus marinus",1986-01-01,1988-01-01,NA,1988-01-01,NA,2006-01-01,NA,NA
"13",NA,NA,NA,NA,NA,NA,NA,"Pseudodiaptomus euryhalinus","Pseudodiaptomus euryhalinus","Pseudodiaptomus euryhalinus",NA,"Adult","Pseudodiaptomus euryhalinus","Species","Arthropoda","Copepoda","Calanoida","Pseudodiaptomidae","Pseudodiaptomus","Pseudodiaptomus euryhalinus",NA,NA,NA,NA,NA,NA,NA,NA
"14",NA,"SINOCAL",NA,"SINOCAL",NA,"SINOCAL",NA,"Sinocalanus","Sinocalanus","Sinocalanus","Sinocalanus doerrii NA","Adult","Sinocalanus doerrii","Species","Arthropoda","Copepoda","Calanoida","Centropagidae","Sinocalanus","Sinocalanus doerrii",1978-01-01,1978-01-01,NA,1978-01-01,NA,1995-01-01,NA,NA
"15",NA,NA,NA,NA,NA,NA,NA,NA,NA,NA,"Sinocalanus doerrii adult","Adult","Sinocalanus doerrii","Species","Arthropoda","Copepoda","Calanoida","Centropagidae","Sinocalanus","Sinocalanus doerrii",NA,NA,NA,NA,NA,NA,NA,NA
"16",NA,NA,NA,NA,NA,NA,NA,"Tortanus discaudatus","Tortanus discaudatus","Tortanus discaudatus",NA,"Adult","Tortanus discaudatus","Species","Arthropoda","Copepoda","Calanoida","Tortanidae","Tortanus","Tortanus discaudatus",NA,NA,NA,NA,NA,NA,NA,NA
"17",NA,NA,NA,NA,NA,NA,NA,"Tortanus dextrilobatus","Tortanus dextrilobatus","Tortanus dextrilobatus",NA,"Adult","Tortanus dextrilobatus","Species","Arthropoda","Copepoda","Calanoida","Tortanidae","Tortanus","Tortanus dextrilobatus",1993-01-01,NA,NA,NA,NA,2006-01-01,2011-01-01,NA
"18",NA,"TORTANUS",NA,"TORTANUS",NA,"TORTANUS",NA,"Tortanus","Tortanus","Tortanus",NA,"Adult","Tortanus","Genus","Arthropoda","Copepoda","Calanoida","Tortanidae","Tortanus",NA,1993-01-01,1994-01-01,NA,1994-01-01,NA,1995-01-01,NA,NA
"19",NA,"AVERNAL",NA,"AVERNAL",NA,"AVERNAL",NA,"Acanthocyclops","Acanthocyclops","Acanthocyclops","Acanthocyclops vernalis NA","Adult","Acanthocyclops vernalis","Species","Arthropoda","Copepoda","Cyclopoida","Cyclopidae","Acanthocyclops","Acanthocyclops vernalis",NA,1972-01-01,NA,1972-01-01,NA,1995-01-01,2011-01-01,2014-01-01
"20",NA,NA,NA,NA,NA,NA,NA,NA,NA,NA,"Acanthocyclops vernalis adult","Adult","Acanthocyclops vernalis","Species","Arthropoda","Copepoda","Cyclopoida","Cyclopidae","Acanthocyclops","Acanthocyclops vernalis",NA,NA,NA,NA,NA,NA,NA,NA
"21","LIMNOSPP","LIMNOSPP",NA,"LIMNOSPP",NA,"LIMNOSPP",NA,"Limnoithona spp_","Limnoithona spp.","Limnoithona spp.",NA,"Adult","Limnoithona","Genus","Arthropoda","Copepoda","Cyclopoida","Cyclopettidae","Limnoithona",NA,1979-01-01,1979-01-01,NA,1979-01-01,NA,NA,NA,NA
"22","LIMNOSINE","LIMNOSINE",NA,"LIMNOSINE",NA,"LIMNOSINE",NA,"Limnoithona sinensis","Limnoithona sinensis","Limnoithona sinensis",NA,"Adult","Limnoithona sinensis","Species","Arthropoda","Copepoda","Cyclopoida","Cyclopettidae","Limnoithona","Limnoithona sinensis",1979-01-01,2007-01-01,NA,2007-01-01,NA,2006-01-01,NA,NA
"23","LIMNOTET","LIMNOTET",NA,"LIMNOTET",NA,"LIMNOTET",NA,"Limnoithona tetraspina","Limnoithona tetraspina","Limnoithona tetraspina","Limnothoina tetraspina NA","Adult","Limnoithona tetraspina","Species","Arthropoda","Copepoda","Cyclopoida","Cyclopettidae","Limnoithona","Limnoithona tetraspina",1993-01-01,2007-01-01,NA,2007-01-01,NA,2006-01-01,NA,NA
"24","OITHDAV","OITHDAV",NA,"OITHDAV",NA,"OITHDAV",NA,"Oithona davisae","Oithona davisae","Oithona davisae",NA,"Adult","Oithona davisae","Species","Arthropoda","Copepoda","Cyclopoida","Oithonidae","Oithona","Oithona davisae",1963-01-01,1980-01-01,NA,1980-01-01,NA,1995-01-01,NA,NA
"25","OITHSIM","OITHSIM",NA,"OITHSIM",NA,"OITHSIM",NA,"Oithona similis","Oithona similis","Oithona similis",NA,"Adult","Oithona similis","Species","Arthropoda","Copepoda","Cyclopoida","Oithonidae","Oithona","Oithona similis",NA,1980-01-01,NA,1980-01-01,NA,1995-01-01,NA,NA
"26","OITHSPP","OITHSPP",NA,NA,NA,NA,NA,"Oithona spp_","Oithona spp.","Oithona spp.",NA,"Adult","Oithona","Genus","Arthropoda","Copepoda","Cyclopoida","Oithonidae","Oithona",NA,NA,2007-01-01,NA,NA,NA,1995-01-01,NA,NA
"27",NA,NA,NA,NA,NA,NA,NA,"UnID cyclopoid","Cyclopoid UNID","Cyclopoid UNID","Cyclopoida NA","Adult","Cyclopoida","Order","Arthropoda","Copepoda","Cyclopoida",NA,NA,NA,NA,NA,NA,NA,NA,NA,NA,NA
"28",NA,"OTHCYCAD",NA,"OTHCYCAD",NA,"OTHCYCAD",NA,"Other cyclopoid","Cyclopoid Other","Cyclopoid Other","Cyclopoida adult","Adult","Cyclopoida","Order","Arthropoda","Copepoda","Cyclopoida",NA,NA,NA,NA,1972-01-01,NA,1972-01-01,NA,1995-01-01,NA,NA
"29","OTHCYCADPUMP",NA,NA,NA,NA,NA,NA,NA,"Cyclopoid","Cyclopoid",NA,"Adult","Cyclopoida","Order","Arthropoda","Copepoda","Cyclopoida",NA,NA,NA,NA,1975-01-01,NA,NA,NA,NA,NA,NA
"30","HARPACT","HARPACT",NA,"HARPACT",NA,"HARPACT",NA,"Harpacticoids","Harpacticoids","Harpacticoids","Harpacticoida NA","Undifferentiated","Harpacticoida","Order","Arthropoda","Copepoda","Harpacticoida",NA,NA,NA,NA,1972-01-01,NA,1972-01-01,NA,1995-01-01,NA,NA
"31",NA,"CALJUV",NA,NA,NA,NA,NA,"calanoid copepodid","calanoid copepodid","calanoid copepodid",NA,"Juvenile","Calanoida","Order","Arthropoda","Copepoda","Calanoida",NA,NA,NA,NA,1972-01-01,1989-01-01,NA,NA,1995-01-01,NA,NA
"32",NA,"EURYJUV",NA,"EURYJUV",NA,"EURYJUV",NA,"Eurytemora copepodid","Eurytemora copepodid","Eurytemora copepodid","Eurytemora affinis copepodid","Juvenile","Eurytemora affinis","Species","Arthropoda","Copepoda","Calanoida","Temoridae","Eurytemora","Eurytemora affinis",NA,1989-01-01,NA,1989-01-01,NA,1998-01-01,NA,NA
"33",NA,"OTHCALJUV",NA,"OTHCALJUV",NA,"OTHCALJUV",NA,NA,NA,NA,"Calanoida copepodid","Juvenile","Calanoida","Order","Arthropoda","Copepoda","Calanoida",NA,NA,NA,NA,1989-01-01,NA,1989-01-01,NA,NA,NA,NA
"34",NA,"PDIAPJUV",NA,"PDIAPJUV",NA,"PDIAPJUV",NA,"Pseudodiaptomus copepodid","Pseudodiaptomus copepodid","Pseudodiaptomus copepodid",NA,"Juvenile","Pseudodiaptomus","Genus","Arthropoda","Copepoda","Calanoida","Pseudodiaptomidae","Pseudodiaptomus",NA,1986-01-01,1990-01-01,NA,1990-01-01,NA,1998-01-01,NA,NA
"35",NA,"SINOCALJUV",NA,"SINOCALJUV",NA,"SINOCALJUV",NA,"Sinocalanus copepodid","Sinocalanus copepodid","Sinocalanus copepodid",NA,"Juvenile","Sinocalanus","Genus","Arthropoda","Copepoda","Calanoida","Centropagidae","Sinocalanus",NA,1978-01-01,1989-01-01,NA,1989-01-01,NA,2006-01-01,NA,NA
"36",NA,NA,NA,NA,NA,NA,NA,"Acartiella copepodid",NA,NA,NA,"Juvenile","Acartiella","Genus","Arthropoda","Copepoda","Calanoida","Acartiidae","Acartiella",NA,1993-01-01,NA,NA,NA,NA,2006-01-01,NA,NA
"37",NA,"ASINEJUV",NA,"ASINEJUV",NA,"ASINEJUV",NA,NA,"Acartiella copepodid","Acartiella copepodid",NA,"Juvenile","Acartiella sinensis","Species","Arthropoda","Copepoda","Calanoida","Acartiidae","Acartiella","Acartiella sinensis",1993-01-01,2006-01-01,NA,2006-01-01,NA,NA,NA,NA
"38",NA,"ACARJUV",NA,"ACARJUV",NA,"ACARJUV",NA,"Acartia copepodid","Acartia copepodid","Acartia copepodid",NA,"Juvenile","Acartia","Genus","Arthropoda","Copepoda","Calanoida","Acartiidae","Acartia",NA,NA,2006-01-01,NA,2006-01-01,NA,2006-01-01,NA,NA
"39",NA,NA,NA,NA,NA,NA,NA,"Diaptomus copepodid",NA,NA,NA,"Juvenile","Diaptomus","Genus","Arthropoda","Copepoda","Calanoida","Diaptomidae","Diaptomus",NA,NA,NA,NA,NA,NA,2006-01-01,NA,NA
"40",NA,"DIAPTJUV",NA,"DIAPTJUV",NA,"DIAPTJUV",NA,NA,"Diaptomidae copepodid","Diaptomidae copepodid",NA,"Juvenile","Diaptomidae","Family","Arthropoda","Copepoda","Calanoida","Diaptomidae",NA,NA,NA,2006-01-01,NA,2006-01-01,NA,NA,NA,NA
"41",NA,"TORTJUV",NA,"TORTJUV",NA,"TORTJUV",NA,"Tortanus copepodid","Tortanus copepodid","Tortanus copepodid",NA,"Juvenile","Tortanus","Genus","Arthropoda","Copepoda","Calanoida","Tortanidae","Tortanus",NA,1993-01-01,2006-01-01,NA,2006-01-01,NA,2006-01-01,NA,NA
"42","CYCJUV","CYCJUV",NA,NA,NA,NA,NA,"cyclopoid copepodid","Cyclopoid copepodid","Cyclopoid copepodid","Cyclopoida copepodid","Juvenile","Cyclopoida","Order","Arthropoda","Copepoda","Cyclopoida",NA,NA,NA,NA,1972-01-01,1995-01-01,NA,NA,1995-01-01,NA,NA
"43","LIMNOJUV","LIMNOJUV",NA,"LIMNOJUV",NA,"LIMNOJUV",NA,"Limnoithona juvenile",NA,NA,NA,"Juvenile","Limnoithona","Genus","Arthropoda","Copepoda","Cyclopoida","Cyclopettidae","Limnoithona",NA,1979-01-01,1995-01-01,NA,1995-01-01,NA,2006-01-01,NA,NA
"44","OITHJUV","OITHJUV",NA,"OITHJUV",NA,"OITHJUV",NA,"Oithona juvenile",NA,NA,NA,"Juvenile","Oithona","Genus","Arthropoda","Copepoda","Cyclopoida","Oithonidae","Oithona",NA,NA,1995-01-01,NA,1995-01-01,NA,2006-01-01,NA,NA
"45","OTHCYCJUV","OTHCYCJUV",NA,"OTHCYCJUV",NA,"OTHCYCJUV",NA,NA,NA,NA,NA,"Juvenile","Cyclopoida","Order","Arthropoda","Copepoda","Cyclopoida",NA,NA,NA,NA,1995-01-01,NA,1995-01-01,NA,NA,NA,NA
"46",NA,NA,NA,NA,NA,NA,NA,NA,NA,NA,"Acanthocyclops vernalis copepodid","Juvenile","Acanthocyclops vernalis","Species","Arthropoda","Copepoda","Cyclopoida","Cyclopidae","Acanthocyclops","Acanthocyclops vernalis",NA,NA,NA,NA,NA,NA,NA,NA
"47",NA,NA,NA,NA,NA,NA,NA,NA,NA,NA,"Sinocalanus doerrii copepodid","Juvenile","Sinocalanus doerrii","Species","Arthropoda","Copepoda","Calanoida","Centropagidae","Sinocalanus","Sinocalanus doerrii",NA,NA,NA,NA,NA,NA,NA,NA
"48",NA,NA,NA,NA,NA,NA,NA,NA,NA,NA,"Pseudodiaptomus forbesi copepodid","Juvenile","Pseudodiaptomus forbesi","Species","Arthropoda","Copepoda","Calanoida","Pseudodiaptomidae","Pseudodiaptomus","Pseudodiaptomus forbesi",NA,NA,NA,NA,NA,NA,NA,NA
"49","COPNAUP","COPNAUP",NA,NA,NA,NA,NA,"copepod nauplii",NA,NA,"Copepoda nauplius","Larva","Copepoda","Subclass","Arthropoda","Copepoda",NA,NA,NA,NA,NA,1972-01-01,1989-01-01,NA,NA,1995-01-01,NA,NA
"50",NA,NA,NA,NA,NA,NA,NA,"Eurytemora nauplii","Eurytemora nauplii","Eurytemora nauplii",NA,"Larva","Eurytemora","Genus","Arthropoda","Copepoda","Calanoida","Temoridae","Eurytemora",NA,NA,NA,NA,NA,NA,2006-01-01,NA,NA
"51","EURYNAUP","EURYNAUP",NA,"EURYNAUP",NA,"EURYNAUP",NA,NA,NA,NA,NA,"Larva","Eurytemora affinis","Species","Arthropoda","Copepoda","Calanoida","Temoridae","Eurytemora","Eurytemora affinis",NA,1989-01-01,NA,1989-01-01,NA,NA,NA,NA
"52","OTHCOPNAUP","OTHCOPNAUP",NA,"OTHCOPNAUP",NA,"OTHCOPNAUP",NA,NA,"Copepod Nauplii","Copepod Nauplii",NA,"Larva","Copepoda","Subclass","Arthropoda","Copepoda",NA,NA,NA,NA,NA,1989-01-01,NA,1989-01-01,NA,NA,NA,NA
"53","PDIAPNAUP","PDIAPNAUP",NA,"PDIAPNAUP",NA,"PDIAPNAUP",NA,"Pseudodiaptomus nauplii","Pseudodiaptomus nauplii","Pseudodiaptomus nauplii",NA,"Larva","Pseudodiaptomus","Genus","Arthropoda","Copepoda","Calanoida","Pseudodiaptomidae","Pseudodiaptomus",NA,1986-01-01,2000-01-01,NA,2000-01-01,NA,2006-01-01,NA,NA
"54",NA,NA,NA,NA,NA,NA,NA,"Sinocalanus nauplii",NA,NA,NA,"Larva","Sinocalanus","Genus","Arthropoda","Copepoda","Calanoida","Centropagidae","Sinocalanus",NA,1978-01-01,NA,NA,NA,NA,2006-01-01,NA,NA
"55","SINONAUP","SINONAUP",NA,"SINONAUP",NA,"SINONAUP",NA,NA,"Sinocalanus nauplii","Sinocalanus nauplii",NA,"Larva","Sinocalanus doerrii","Species","Arthropoda","Copepoda","Calanoida","Centropagidae","Sinocalanus","Sinocalanus doerrii",1978-01-01,1989-01-01,NA,1989-01-01,NA,NA,NA,NA
"56",NA,NA,NA,NA,NA,NA,NA,NA,NA,NA,"Arthropoda nauplius","Larva","Arthropoda","Phylum","Arthropoda",NA,NA,NA,NA,NA,NA,NA,NA,NA,NA,NA,NA,NA
"57",NA,NA,NA,NA,NA,NA,NA,NA,NA,NA,"Cladocera nauplius","Larva","Cladocera","Order","Arthropoda","Branchiopoda","Cladocera",NA,NA,NA,NA,NA,NA,NA,NA,NA,NA,NA
"58",NA,"BOSMINA",NA,"BOSMINA",NA,"BOSMINA",NA,"Bosmina","Bosmina","Bosmina","Bosmina longirostris NA","Adult","Bosmina longirostris","Species","Arthropoda","Branchiopoda","Cladocera","Bosminidae","Bosmina","Bosmina longirostris",NA,1972-01-01,NA,1972-01-01,NA,1995-01-01,NA,NA
"59",NA,"DAPHNIA",NA,"DAPHNIA",NA,"DAPHNIA",NA,"Daphnia","Daphnia","Daphnia",NA,"Adult","Daphnia","Genus","Arthropoda","Branchiopoda","Cladocera","Daphniidae","Daphnia",NA,1972-01-01,1972-01-01,NA,1972-01-01,NA,1995-01-01,NA,NA
"60",NA,"DIAPHAN",NA,"DIAPHAN",NA,"DIAPHAN",NA,"Diaphanosoma","Diaphanosoma","Diaphanosoma",NA,"Adult","Diaphanosoma","Genus","Arthropoda","Branchiopoda","Cladocera","Sididae","Diaphanosoma",NA,NA,1972-01-01,NA,1972-01-01,NA,1995-01-01,NA,NA
"61",NA,NA,NA,NA,NA,NA,NA,"Ceriodaphnia","Ceriodaphnia","Ceriodaphnia",NA,"Adult","Ceriodaphnia","Genus","Arthropoda","Branchiopoda","Cladocera","Daphniidae","Ceriodaphnia",NA,NA,NA,NA,NA,NA,1995-01-01,NA,NA
"62",NA,NA,NA,NA,NA,NA,NA,"UnID cladocera","Cladocera","Cladocera","Cladocera NA","Adult","Cladocera","Order","Arthropoda","Branchiopoda","Cladocera",NA,NA,NA,NA,NA,NA,NA,NA,2006-01-01,NA,NA
"63",NA,"OTHCLADO",NA,"OTHCLADO",NA,"OTHCLADO",NA,"Other cladocera","Cladocera Other","Cladocera Other",NA,"Adult","Cladocera","Order","Arthropoda","Branchiopoda","Cladocera",NA,NA,NA,NA,1972-01-01,NA,1972-01-01,NA,1995-01-01,NA,NA
"64","ASPLANCH","ASPLANCH",NA,"ASPLANCH",NA,"ASPLANCH",NA,"Asplanchna","Asplanchna","Asplanchna",NA,"Adult","Asplanchna","Genus","Rotifera","Eurotatoria","Ploima","Asplanchnidae","Asplanchna",NA,NA,1972-01-01,NA,1972-01-01,NA,NA,NA,NA
"65","KERATELA","KERATELA",NA,"KERATELA",NA,"KERATELA",NA,"Keratella","Keratella","Keratella",NA,"Adult","Keratella","Genus","Rotifera","Eurotatoria","Ploima","Brachionidae","Keratella",NA,NA,1972-01-01,NA,1972-01-01,NA,NA,NA,NA
"66",NA,NA,NA,NA,NA,NA,NA,"Unid rotifer",NA,NA,NA,"Adult","Rotifera","Phylum","Rotifera",NA,NA,NA,NA,NA,NA,NA,NA,NA,NA,NA,NA,NA
"67","OTHROT","OTHROT",NA,"OTHROT",NA,"OTHROT",NA,"Other rotifer","Rotifer Other","Rotifer Other","Rotifera NA","Adult","Rotifera","Phylum","Rotifera",NA,NA,NA,NA,NA,NA,1972-01-01,NA,1972-01-01,NA,1995-01-01,NA,NA
"68","POLYARTH","POLYARTH",NA,"POLYARTH",NA,"POLYARTH",NA,"Polyarthra","Polyarthra","Polyarthra",NA,"Adult","Polyarthra","Genus","Rotifera","Eurotatoria","Ploima","Synchaetidae","Polyarthra",NA,NA,1972-01-01,NA,1972-01-01,NA,NA,NA,NA
"69","SYNCH","SYNCH",NA,"SYNCH",NA,"SYNCH",NA,"Synchaeta","Synchaeta","Synchaeta",NA,"Adult","Synchaeta","Genus","Rotifera","Eurotatoria","Ploima","Synchaetidae","Synchaeta",NA,NA,1972-01-01,NA,1972-01-01,NA,NA,NA,NA
"70","SYNCHBIC","SYNCHBIC",NA,NA,NA,NA,NA,"Synchaeta bicornis","Synchaeta bicornis","Synchaeta bicornis",NA,"Adult","Synchaeta bicornis","Species","Rotifera","Eurotatoria","Ploima","Synchaetidae","Synchaeta","Synchaeta bicornis",NA,1972-01-01,NA,NA,NA,NA,NA,NA
"71","TRICHO","TRICHO",NA,"TRICHO",NA,"TRICHO",NA,"Trichocerca","Trichocerca","Trichocerca",NA,"Adult","Trichocerca","Genus","Rotifera","Eurotatoria","Ploima","Trichocercidae","Trichocerca",NA,NA,1972-01-01,NA,1972-01-01,NA,NA,NA,NA
"72","BARNNAUP","BARNNAUP",NA,"BARNNAUP",NA,"BARNNAUP",NA,"barnacle nauplii","Barnacle Nauplii","Barnacle Nauplii","Cirripedia NA","Larva","Cirripedia","Infraclass","Euarthropoda","Cirripedia",NA,NA,NA,NA,NA,1972-01-01,NA,1972-01-01,NA,1995-01-01,NA,NA
"73",NA,"CRABZOEA",NA,"CRABZOEA",NA,"CRABZOEA",NA,"crab zoea","crab zoea","crab zoea",NA,"Larva","Decapoda","Infraorder","Arthropoda","Malacostraca","Decapoda",NA,NA,NA,NA,1976-01-01,NA,1976-01-01,NA,1995-01-01,NA,NA
"74",NA,NA,NA,"OSTRACOD",NA,"OSTRACOD",NA,"Ostracods","Ostracods","Ostracods","Ostracoda NA","Adult","Ostracoda","Class","Arthropoda","Ostracoda",NA,NA,NA,NA,NA,NA,NA,2002-01-01,NA,1995-01-01,NA,NA
"75",NA,NA,NA,"CUMAC",NA,"CUMAC",NA,"Cumaceans","Cumaceans","Cumaceans",NA,"Adult","Cumacea","Order","Arthropoda","Malacostraca","Cumacea",NA,NA,NA,NA,NA,NA,2001-01-01,NA,1995-01-01,2007-01-01,NA
"76",NA,NA,NA,NA,NA,NA,NA,"Annelid worms",NA,NA,"Annelida NA","Adult","Annelida","Phylum","Annelida",NA,NA,NA,NA,NA,NA,NA,NA,NA,NA,1995-01-01,2006-01-01,NA
"77",NA,NA,NA,NA,NA,NA,NA,"Chironomid larvae","Chironomid Larvae","Chironomid Larvae","Chironomidae larva","Larva","Chironomidae","Family","Arthropoda","Insecta","Diptera","Chironomidae",NA,NA,NA,NA,NA,NA,NA,1995-01-01,2007-01-01,NA
"78",NA,NA,NA,NA,NA,NA,NA,"Other Insect larvae","Insect larvae UNID","Insect larvae UNID","Insecta larva","Larva","Insecta","Class","Arthropoda","Insecta",NA,NA,NA,NA,NA,NA,NA,NA,NA,1995-01-01,2000-01-01,NA
"79",NA,NA,"A_aspera",NA,"Acanthomysis aspera",NA,"Acanthomysis aspera","Acanthomysis aspera","Acanthomysis aspera","Acanthomysis aspera",NA,"Adult","Orientomysis aspera","Species","Arthropoda","Malacostraca","Mysida","Mysidae","Orientomysis","Orientomysis aspera",1992-01-01,1992-01-01,NA,NA,NA,NA,NA,NA
"80",NA,NA,NA,NA,"Unidentified Gammarus",NA,"Unidentified Gammarus","Gammarus","Gammarus","Gammarus",NA,"Adult","Gammarus","Genus","Arthropoda","Malacostraca","Amphipoda","Gammaridae","Gammarus",NA,1986-01-01,NA,NA,NA,NA,NA,NA,NA
"81",NA,NA,NA,NA,NA,NA,NA,NA,"Insect Unid","Insect Unid",NA,"Undifferentiated","Insecta","Class","Arthropoda","Insecta",NA,NA,NA,NA,NA,NA,NA,NA,NA,NA,NA,NA
"82",NA,NA,NA,NA,NA,NA,NA,NA,"Psyllidae","Psyllidae",NA,"Adult","Psyllidae","Family","Arthropoda","Insecta","Hemiptera","Psyllidae",NA,NA,NA,NA,NA,NA,NA,NA,NA,NA
"83",NA,NA,NA,NA,NA,NA,NA,NA,"Corixidae","Corixidae",NA,"Adult","Corixidae","Family","Arthropoda","Insecta","Hemiptera","Corixidae",NA,NA,NA,NA,NA,NA,NA,NA,NA,NA
"84",NA,NA,NA,NA,NA,NA,NA,NA,"Isopods","Isopods",NA,"Adult","Isopoda","Order","Arthropoda","Malacostraca","Isopoda",NA,NA,NA,NA,NA,NA,NA,NA,NA,NA,NA
"85",NA,NA,NA,NA,NA,NA,NA,NA,"Tanaid","Tanaid",NA,"Undifferentiated","Tanaidacea","Order","Arthropoda","Malacostraca","Tanaidacea",NA,NA,NA,NA,NA,NA,NA,NA,NA,NA,NA
"86",NA,NA,NA,NA,NA,NA,NA,NA,"Ant","Ant",NA,"Adult","Formicidae","Family","Arthropoda","Insecta","Hymenoptera","Formicidae",NA,NA,NA,NA,NA,NA,NA,NA,NA,NA
"87",NA,NA,NA,NA,NA,NA,NA,NA,"Thrips","Thrips",NA,"Adult","Thysanoptera","Order","Arthropoda","Insecta","Thysanoptera",NA,NA,NA,NA,NA,NA,NA,NA,NA,NA,NA
"88",NA,NA,NA,NA,NA,NA,NA,NA,"Ceratopogonidae larvae","Ceratopogonidae larvae",NA,"Larva","Ceratopogonidae","Family","Arthropoda","Insecta","Diptera","Ceratopogonidae",NA,NA,NA,NA,NA,NA,NA,NA,NA,NA
"89",NA,NA,NA,NA,NA,NA,NA,NA,"Platyias","Platyias",NA,"Adult","Platyias","Genus","Rotifera","Eurotatoria","Ploima","Brachionidae","Platyias",NA,NA,NA,NA,NA,NA,NA,NA,NA
"90",NA,NA,NA,NA,NA,NA,NA,NA,"limpet","limpet",NA,"Adult","Ferrissia californica","Species","Mollusca","Gastropoda","Limnophila","Ancylus","Ferrissia","californica",NA,NA,NA,NA,NA,NA,NA,NA
"91",NA,NA,NA,NA,NA,NA,NA,NA,"Gammarid juvenile","Gammarid juvenile",NA,"Juvenile","Gammaridae","Family","Arthropoda","Malacostraca","Amphipoda","Gammaridae",NA,NA,NA,NA,NA,NA,NA,NA,NA,NA
"92",NA,NA,NA,NA,NA,NA,NA,NA,"Hydroptilidae Larvae Caddisfly","Hydroptilidae Larvae Caddisfly",NA,"Larva","Hydroptilidae","Family","Arthropoda","Insecta","Trichoptera","Hydroptilidae",NA,NA,NA,NA,NA,NA,NA,NA,NA,NA
"93",NA,NA,NA,NA,NA,NA,NA,NA,"Scapholeberis","Scapholeberis",NA,"Adult","Scapholeberis","Genus","Arthropoda","Branchiopoda","Cladocera","Daphniidae","Scapholeberis",NA,NA,NA,NA,NA,NA,NA,NA,NA
"94",NA,NA,NA,NA,NA,NA,NA,NA,"Leech","Leech",NA,"Undifferentiated","Hirudinea","Class","Annelida","Hirudinea",NA,NA,NA,NA,NA,NA,NA,NA,NA,NA,NA,NA
"95",NA,NA,NA,NA,NA,NA,NA,NA,"Latona","Latona",NA,"Adult","Latona","Genus","Arthropoda","Branchiopoda","Cladocera","Sididae","Latona",NA,NA,NA,NA,NA,NA,NA,NA,NA
"96",NA,NA,NA,NA,NA,NA,NA,NA,"Tardigrade","Tardigrade",NA,"Adult","Tardigrada","Phylum","Tardigrada",NA,NA,NA,NA,NA,NA,NA,NA,NA,NA,NA,NA,NA
"97",NA,NA,NA,NA,NA,NA,NA,NA,"Diptera Adult","Diptera Adult",NA,"Adult","Diptera","Order","Arthropoda","Insecta","Diptera",NA,NA,NA,NA,NA,NA,NA,NA,NA,NA,NA
"98",NA,NA,NA,NA,NA,NA,NA,NA,"Hymenoptera UNID","Hymenoptera UNID",NA,"Adult","Hymenoptera","Order","Arthropoda","Insecta","Hymenoptera",NA,NA,NA,NA,NA,NA,NA,NA,NA,NA,NA
"99",NA,NA,NA,NA,NA,NA,NA,NA,"Tricoptera larvae UNID","Tricoptera larvae UNID",NA,"Larva","Trichoptera","Order","Arthropoda","Insecta","Trichoptera",NA,NA,NA,NA,NA,NA,NA,NA,NA,NA,NA
"100",NA,NA,NA,NA,NA,NA,NA,NA,"Gnorimosphaeroma","Gnorimosphaeroma",NA,"Adult","Gnorimosphaeroma insulare","Species","Arthropoda","Malacostraca","Isopoda","Sphaeromatidae","Gnorimosphaeroma","insulare",NA,NA,NA,NA,NA,NA,NA,NA
"101",NA,NA,NA,NA,NA,NA,NA,NA,"Paracyclops","Paracyclops",NA,"Adult","Paracyclops","Genus","Arthropoda","Copepoda","Cyclopoida","Cyclopidae","Paracyclops",NA,NA,NA,NA,NA,NA,NA,NA,NA
"102",NA,NA,NA,NA,"Crangonyx sp_",NA,"Crangonyx sp_",NA,"Crangonyx","Crangonyx",NA,"Adult","Crangonyx","Genus","Arthropoda","Malacostraca","Amphipoda","Crangonycitidae","Crangonyx",NA,1995-01-01,NA,NA,NA,NA,NA,NA,NA
"103",NA,NA,NA,NA,NA,NA,NA,NA,"Hydra","Hydra",NA,"Adult","Hydra","Genus","Cnidaria","Hydrozoa","Hydrida","Hydridae","Hydra",NA,NA,NA,NA,NA,NA,NA,NA,NA
"104",NA,NA,"N_mercedis",NA,"Neomysis mercedis",NA,"Neomysis mercedis",NA,"Neomysis mercedis","Neomysis mercedis",NA,"Adult","Neomysis mercedis","Species","Arthropoda","Malacostraca","Mysida","Mysidae","Neomysis","mercedis",NA,1972-01-01,NA,NA,NA,NA,NA,NA
"105",NA,NA,NA,NA,NA,NA,NA,NA,"Coenagrionidae larvae","Coenagrionidae larvae",NA,"Larva","Coenagrionidae","Family","Arthropoda","Insecta","Odonata","Coenagrionidae",NA,NA,NA,NA,NA,NA,NA,NA,NA,NA
"106",NA,NA,NA,NA,NA,NA,NA,NA,"Kellicottia","Kellicottia",NA,"Adult","Kellicottia","Genus","Rotifera","Eurotatoria","Ploima","Brachionidae","Kellicottia",NA,NA,NA,NA,NA,NA,NA,NA,NA
"107",NA,NA,NA,NA,NA,NA,NA,NA,"Aphididae Larvae","Aphididae Larvae",NA,"Larva","Aphididae","Family","Arthropoda","Insecta","Hemiptera","Aphididae",NA,NA,NA,NA,NA,NA,NA,NA,NA,NA
"108",NA,NA,NA,NA,NA,NA,NA,NA,"Aphididae Adult","Aphididae Adult",NA,"Adult","Aphididae","Family","Arthropoda","Insecta","Hemiptera","Aphididae",NA,NA,NA,NA,NA,NA,NA,NA,NA,NA
"109",NA,NA,NA,NA,NA,NA,NA,NA,"Corophiid Juvenile","Corophiid Juvenile",NA,"Juvenile","Corophiidae","Family","Arthropoda","Malacostraca","Amphipoda","Corophiidae",NA,NA,NA,NA,NA,NA,NA,NA,NA,NA
"110",NA,NA,"N_kadiakensis",NA,"Neomysis kadiakensis",NA,"Neomysis kadiakensis",NA,"Neomysis kadiakensis","Neomysis kadiakensis",NA,"Adult","Neomysis kadiakensis","Species","Arthropoda","Malacostraca","Mysida","Mysidae","Neomysis","kadiakensis",NA,1980-01-01,NA,NA,NA,NA,NA,NA
"111",NA,NA,NA,NA,NA,NA,NA,NA,"Coleoptera Larvae","Coleoptera Larvae",NA,"Larva","Coleoptera","Order","Arthropoda","Insecta","Coleoptera",NA,NA,NA,NA,NA,NA,NA,NA,NA,NA,NA
"112",NA,NA,NA,NA,NA,NA,NA,NA,"Grandidierella","Grandidierella",NA,"Adult","Grandidierella","Genus","Arthropoda","Malacostraca","Amphipoda","Aoridae","Grandidierella",NA,1966-01-01,NA,NA,NA,NA,NA,NA,NA
"113",NA,NA,NA,NA,NA,NA,NA,NA,"Polychaete","Polychaete",NA,"Undifferentiated","Polychaeta","Class","Annelida","Polychaeta",NA,NA,NA,NA,NA,NA,NA,NA,NA,NA,NA,NA
"114",NA,NA,NA,NA,NA,NA,NA,NA,"Ephemeroptera larvae UNID","Ephemeroptera larvae UNID",NA,"Larva","Ephemeroptera","Order","Arthropoda","Insecta","Ephemeroptera",NA,NA,NA,NA,NA,NA,NA,NA,NA,NA,NA
"115",NA,NA,NA,NA,NA,NA,NA,NA,"Diptera Larvae UNID","Diptera Larvae UNID",NA,"Larva","Diptera","Order","Arthropoda","Insecta","Diptera",NA,NA,NA,NA,NA,NA,NA,NA,NA,NA,NA
"116",NA,NA,NA,NA,NA,NA,NA,NA,"Planaria","Planaria",NA,"Undifferentiated","Girardia tigrina","Species","Platyhelminthes","Rhabditophora","Tricladida","Dugesiidae","Girardia","tigrina",NA,NA,NA,NA,NA,NA,NA,NA
"117",NA,NA,NA,NA,NA,NA,NA,NA,"Macrothricidae","Macrothricidae",NA,"Adult","Macrothricidae","Family","Arthropoda","Branchiopoda","Cladocera","Macrothricidae",NA,NA,NA,NA,NA,NA,NA,NA,NA,NA
"118",NA,NA,NA,NA,NA,NA,NA,NA,"Spider","Spider",NA,"Adult","Araneae","Order","Arthropoda","Arachnida","Araneae",NA,NA,NA,NA,NA,NA,NA,NA,NA,NA,NA
"119",NA,NA,NA,NA,NA,NA,NA,NA,"Gyraulus","Gyraulus",NA,"Adult","Gyraulus","Genus","Mollusca","Gastropoda","Hygrophila","Planorbidae","Gyraulus",NA,NA,NA,NA,NA,NA,NA,NA,NA
"120",NA,NA,NA,NA,NA,NA,NA,NA,"Collembola","Collembola",NA,"Undifferentiated","Collembola","Class","Arthropoda","Collembola",NA,NA,NA,NA,NA,NA,NA,NA,NA,NA,NA,NA
"121",NA,NA,NA,NA,"Unidentified Corophium",NA,"Unidentified Corophium",NA,"Corophiid UNID","Corophiid UNID",NA,"Adult","Corophiidae","Family","Arthropoda","Malacostraca","Amphipoda","Corophiidae",NA,NA,NA,NA,NA,NA,NA,NA,NA,NA
"122",NA,NA,NA,NA,NA,NA,NA,NA,"Worm UNID","Worm UNID",NA,"Adult","Annelida","Phylum","Annelida",NA,NA,NA,NA,NA,NA,NA,NA,NA,NA,NA,NA,NA
"123",NA,NA,NA,NA,"Unidentified Amphipod",NA,"Unidentified Amphipod",NA,"Amphipod UNID","Amphipod UNID",NA,"Adult","Amphipoda","Order","Arthropoda","Malacostraca","Amphipoda",NA,NA,NA,NA,NA,NA,NA,NA,NA,NA,NA
"124",NA,NA,NA,NA,NA,NA,NA,NA,"Diptera Pupae","Diptera Pupae",NA,"Pupa","Diptera","Order","Arthropoda","Insecta","Diptera",NA,NA,NA,NA,NA,NA,NA,NA,NA,NA,NA
"125",NA,NA,NA,NA,NA,NA,NA,NA,"Diptera pupae","Diptera pupae",NA,"Pupa","Diptera","Order","Arthropoda","Insecta","Diptera",NA,NA,NA,NA,NA,NA,NA,NA,NA,NA,NA
"126",NA,NA,NA,NA,NA,NA,NA,NA,"Mite","Mite",NA,"Adult","Hydrachnidia","Order","Arthropoda","Arachnida","Hydrachnidia ",NA,NA,NA,NA,NA,NA,NA,NA,NA,NA,NA
"127",NA,NA,NA,NA,NA,NA,NA,NA,"Sida","Sida",NA,"Adult","Sida","Genus","Arthropoda","Branchiopoda","Cladocera","Sididae","Sida",NA,NA,NA,NA,NA,NA,NA,NA,NA
"128",NA,NA,NA,NA,NA,NA,NA,NA,"Amphipod juvenile","Amphipod juvenile",NA,"Juvenile","Amphipoda","Order","Arthropoda","Malacostraca","Amphipoda",NA,NA,NA,NA,NA,NA,NA,NA,NA,NA,NA
"129",NA,NA,NA,NA,NA,NA,NA,NA,"Moina","Moina",NA,"Adult","Moina","Genus","Arthropoda","Branchiopoda","Cladocera","Moinidae","Moina",NA,NA,NA,NA,NA,NA,NA,NA,NA
"130",NA,NA,NA,NA,NA,NA,NA,NA,"Eucyclops","Eucyclops",NA,"Adult","Eucyclops","Genus","Arthropoda","Copepoda","Cyclopoida","Cyclopidae","Eucyclops",NA,NA,NA,NA,NA,NA,NA,NA,NA
"131",NA,NA,NA,NA,NA,NA,NA,NA,"Leptodora","Leptodora",NA,"Undifferentiated","Leptodora","Genus","Arthropoda","Branchiopoda","Cladocera","Leptodoridae","Leptodora",NA,NA,NA,NA,NA,NA,NA,NA,NA
"132",NA,NA,NA,NA,NA,NA,NA,NA,"Snail UNID","Snail UNID",NA,"Adult","Gastropoda","Class","Mollusca","Gastropoda",NA,NA,NA,NA,NA,NA,NA,NA,NA,NA,NA,NA
"133",NA,NA,NA,NA,NA,NA,NA,NA,"Clam UNID","Clam UNID",NA,"Adult","Bivalvia","Class","Mollusca","Bivalvia",NA,NA,NA,NA,NA,NA,NA,NA,NA,NA,NA,NA
"134",NA,NA,NA,NA,NA,NA,NA,NA,"Ilyocryptus","Ilyocryptus",NA,"Adult","Ilyocryptus","Genus","Arthropoda","Branchiopoda","Cladocera","Ilyocryptidae","Ilyocryptus",NA,NA,NA,NA,NA,NA,NA,NA,NA
"135",NA,NA,NA,NA,NA,NA,NA,NA,"Holopedium","Holopedium",NA,"Adult","Holopedium","Genus","Arthropoda","Branchiopoda","Cladocera","Holopedidae","Holopedium",NA,NA,NA,NA,NA,NA,NA,NA,NA
"136",NA,NA,NA,NA,NA,NA,NA,NA,"Lumbricidae","Lumbricidae",NA,"Undifferentiated","Lumbricidae","Family","Annelida","Oligochaeta","Haplotaxida","Lumbricidae",NA,NA,NA,NA,NA,NA,NA,NA,NA,NA
"137",NA,NA,NA,NA,"Hyalella sp_",NA,"Hyalella sp_",NA,"Hyalella","Hyalella",NA,"Adult","Hyalella","Genus","Arthropoda","Malacostraca","Amphipoda","Hyalellidae","Hyalella",NA,NA,NA,NA,NA,NA,NA,NA,NA
"138",NA,NA,NA,NA,NA,NA,NA,NA,"Physa","Physa",NA,"Adult","Physa","Genus","Mollusca","Gastropoda","Hygrophila","Physidae","Physa",NA,NA,NA,NA,NA,NA,NA,NA,NA
"139",NA,NA,NA,NA,NA,NA,NA,NA,"Clam Juvenile","Clam Juvenile",NA,"Juvenile","Bivalvia","Class","Mollusca","Bivalvia",NA,NA,NA,NA,NA,NA,NA,NA,NA,NA,NA,NA
"140",NA,NA,NA,NA,NA,NA,NA,NA,"Simocephalus","Simocephalus",NA,"Adult","Simocephalus","Genus","Arthropoda","Branchiopoda","Cladocera","Daphniidae","Simocephalus",NA,NA,NA,NA,NA,NA,NA,NA,NA
"141",NA,NA,NA,NA,NA,NA,NA,NA,"Fish","Fish",NA,"Adult","Actinopterygii","Class","Chordata","Actinopterygii",NA,NA,NA,NA,NA,NA,NA,NA,NA,NA,NA,NA
"142",NA,NA,NA,NA,NA,NA,NA,NA,"Halicyclops","Halicyclops",NA,"Adult","Halicyclops","Genus","Arthropoda","Copepoda","Cyclopoida","Cyclopidae","Halicyclops",NA,NA,NA,NA,NA,NA,NA,NA,NA
"143",NA,NA,NA,NA,NA,NA,NA,NA,"Nematode","Nematode",NA,"Undifferentiated","Nematoda","Phylum","Nematoda",NA,NA,NA,NA,NA,NA,NA,NA,NA,NA,NA,NA,NA
"144",NA,NA,NA,NA,NA,NA,NA,NA,"Branchionus","Branchionus",NA,"Adult","Branchionus","Genus","Rotifera","Eurotatoria","Ploima","Brachionidae","Branchionus",NA,NA,NA,NA,NA,NA,NA,NA,NA
"145",NA,NA,NA,NA,NA,NA,NA,NA,"Chydorus","Chydorus",NA,"Adult","Chydorus","Genus","Arthropoda","Branchiopoda","Cladocera","Chydoridae","Chydorus",NA,NA,NA,NA,NA,NA,NA,NA,NA
"146",NA,NA,NA,NA,NA,NA,NA,NA,"Diacyclops","Diacyclops","Diacyclops thomasi NA","Adult","Diacyclops thomasi","Species","Arthropoda","Copepoda","Cyclopoida","Cyclopodidae","Diacyclops","thomasi",NA,NA,NA,NA,NA,NA,NA,NA
"147",NA,NA,NA,NA,NA,NA,NA,NA,"Invertebrate UNID","Invertebrate UNID","Unidentified NA","Adult","UnID Invertebrate",NA,NA,NA,NA,NA,NA,NA,NA,NA,NA,NA,NA,NA,NA,NA
"148",NA,NA,NA,NA,NA,NA,NA,NA,NA,NA,"Mollusca NA","Adult","Mollusca","Phylum","Mollusca",NA,NA,NA,NA,NA,NA,NA,NA,NA,NA,NA,NA,NA
"149",NA,NA,NA,NA,NA,NA,NA,NA,NA,NA,"Crustacea NA","Adult","Crustacea","Subphylum","Arthropoda",NA,NA,NA,NA,NA,NA,NA,NA,NA,NA,NA,NA,NA
"150",NA,NA,NA,NA,NA,NA,NA,NA,NA,NA,"Skistodiaptomus pallidus adult","Adult","Skistodiaptomus pallidus","Species","Arthropoda","Copepoda","Calanoida","Diaptomidae","Skistodiaptomus","pallidus",NA,NA,NA,NA,NA,NA,NA,NA
"151",NA,NA,NA,NA,NA,NA,NA,NA,NA,NA,"Leptodiaptomus siciloides NA","Adult","Leptodiaptomus siciloides","Species","Arthropoda","Copepoda","Calanoida","Diaptomidae","Leptodiaptomus","siciloides",NA,NA,NA,NA,NA,NA,NA,NA
"152",NA,NA,NA,NA,NA,NA,NA,NA,NA,NA,"Microcyclops rubellus NA","Adult","Microcyclops rubellus","Species","Arthropoda","Copepoda","Cyclopoida","Cyclopidae","Microcyclops","rubellus",NA,NA,NA,NA,NA,NA,NA,NA
"153",NA,NA,NA,NA,NA,NA,NA,NA,NA,NA,"Eucyclops prionophorus NA","Adult","Eucyclops prionophorus","Species","Arthropoda","Copepoda","Cyclopoida","Cyclopidae","Eucyclops","prionophorus",NA,NA,NA,NA,NA,NA,NA,NA
"154",NA,NA,NA,NA,NA,NA,NA,NA,NA,NA,"Monospilus dispar NA","Adult","Monospilus dispar","Species","Arthropoda","Branchiopoda","Cladocera","Chydoridae","Monospilus","dispar",NA,NA,NA,NA,NA,NA,NA,NA
"155",NA,NA,NA,NA,NA,NA,NA,NA,NA,NA,"Eucyclops elegans NA","Adult","Eucyclops elegans","Species","Arthropoda","Copepoda","Cyclopoida","Cyclopidae","Eucyclops","elegans",NA,NA,NA,NA,NA,NA,NA,NA
"156",NA,NA,NA,NA,NA,NA,NA,NA,NA,NA,"Mesocyclops edax NA","Adult","Mesocyclops edax","Species","Arthropoda","Copepoda","Cyclopoida","Cyclopidae","Mesocyclops","edax",NA,NA,NA,NA,NA,NA,NA,NA
"157",NA,NA,NA,NA,NA,NA,NA,NA,NA,NA,"Arctodiaptomus dorsalis NA","Adult","Arctodiaptomus dorsalis","Species","Arthropoda","Copepoda","Calanoida","Diaptomidae","Arctodiaptomus","dorsalis",NA,NA,NA,NA,NA,NA,NA,NA
"158",NA,NA,NA,NA,NA,NA,NA,NA,NA,NA,"Eucyclops phaleratus NA","Adult","Platycyclops phaleratus","Species","Arthropoda","Copepoda","Cyclopoida","Cyclopidae","Platycyclops","phaleratus",NA,NA,NA,NA,NA,NA,NA,NA
"159",NA,NA,NA,NA,NA,NA,NA,NA,NA,NA,"Eucyclops pectinifer NA","Adult","Eucyclops pectinifer","Species","Arthropoda","Copepoda","Cyclopoida","Cyclopidae","Eucyclops","pectinifer",NA,NA,NA,NA,NA,NA,NA,NA
"160",NA,NA,NA,NA,NA,NA,NA,NA,NA,NA,"Pseudochydorus globosus NA","Adult","Pseudochydorus globosus","Species","Arthropoda","Branchiopoda","Cladocera","Chydoridae","Pseudochydorus","globosus",NA,NA,NA,NA,NA,NA,NA,NA
"161",NA,NA,NA,NA,NA,NA,NA,NA,NA,NA,"Ectocyclops phaleratus copepodid","Juvenile","Platycyclops phaleratus","Species","Arthropoda","Copepoda","Cyclopoida","Cyclopidae","Platycyclops","phaleratus",NA,NA,NA,NA,NA,NA,NA,NA
"162",NA,NA,NA,NA,NA,NA,NA,NA,NA,NA,"Hesperodiaptomus franciscanus NA","Adult","Hesperodiaptomus franciscanus","Species","Arthropoda","Copepoda","Calanoida","Diaptomidae","Hesperodiaptomus","franciscanus",NA,NA,NA,NA,NA,NA,NA,NA
"163",NA,NA,NA,NA,NA,NA,NA,NA,NA,NA,"Paracyclops chiltoni NA","Adult","Paracyclops chiltoni","Species","Arthropoda","Copepoda","Cyclopoida","Cyclopidae","Paracyclops","chiltoni",NA,NA,NA,NA,NA,NA,NA,NA
"164",NA,NA,NA,NA,NA,NA,NA,NA,NA,NA,"Paracyclops fimbriatus NA","Adult","Paracyclops fimbriatus","Species","Arthropoda","Copepoda","Cyclopoida","Cyclopidae","Paracyclops","fimbriatus",NA,NA,NA,NA,NA,NA,NA,NA
"165",NA,NA,NA,NA,NA,NA,NA,NA,NA,NA,"Ectocyclops phaleratus NA","Adult","Platycyclops phaleratus","Species","Arthropoda","Copepoda","Cyclopoida","Cyclopidae","Platycyclops","phaleratus",NA,NA,NA,NA,NA,NA,NA,NA
"166",NA,NA,NA,NA,NA,NA,NA,NA,NA,NA,"Paracyclops poppei NA","Adult","Paracyclops poppei","Species","Arthropoda","Copepoda","Cyclopoida","Cyclopidae","Paracyclops","poppei",NA,NA,NA,NA,NA,NA,NA,NA
"167",NA,NA,NA,NA,NA,NA,NA,NA,NA,NA,"Eucyclops agilis NA","Adult","Eucyclops agilis","Species","Arthropoda","Copepoda","Cyclopoida","Cyclopidae","Eucyclops","agilis",NA,NA,NA,NA,NA,NA,NA,NA
"168",NA,NA,NA,NA,NA,NA,NA,NA,NA,NA,"Hesperodiaptomus cf. californiensis NA","Adult","Hesperodiaptomus californiensis","Species","Arthropoda","Copepoda","Calanoida","Diaptomidae","Hesperodiaptomus","californiensis",NA,NA,NA,NA,NA,NA,NA,NA
"169",NA,NA,NA,NA,NA,NA,NA,NA,NA,NA,"Macrocyclops albidus NA","Adult","Macrocyclops albidus","Species","Arthropoda","Copepoda","Cyclopoida","Cyclopidae","Macrocyclops","albidus",NA,NA,NA,NA,NA,NA,NA,NA
"170",NA,NA,NA,NA,NA,NA,NA,NA,NA,NA,"Diaptomus dorsalis NA","Adult","Diaptomus dorsalis","Species","Arthropoda","Copepoda","Calanoida","Diaptomidae","Diaptomus","dorsalis",NA,NA,NA,NA,NA,NA,NA,NA
"171",NA,NA,NA,NA,NA,NA,NA,NA,NA,NA,"Diaptomus siciloides NA","Adult","Diaptomus siciloides","Species","Arthropoda","Copepoda","Calanoida","Diaptomidae","Diaptomus","siciloides",NA,NA,NA,NA,NA,NA,NA,NA
"172",NA,NA,NA,NA,NA,NA,NA,NA,NA,NA,"Tropocyclops prasinus NA","Adult","Tropocyclops prasinus","Species","Arthropoda","Copepoda","Cyclopoida","Cyclopidae","Tropocyclops","prasinus",NA,NA,NA,NA,NA,NA,NA,NA
"173",NA,NA,NA,NA,"Ampelisca abdita",NA,"Ampelisca abdita",NA,NA,NA,NA,"Adult","Ampelisca abdita","Species","Arthropoda","Malacostraca","Amphipoda","Ampeliscidae","Ampelisca","abdita",1954-01-01,NA,NA,NA,NA,NA,NA,NA
"174",NA,NA,NA,NA,"Americorophium spinicorne",NA,"Americorophium spinicorne",NA,"Americorophium spinicorne","Americorophium spinicorne",NA,"Adult","Americorophium spinicorne","Species","Arthropoda","Malacostraca","Amphipoda","Corophiidae","Americorophium","spinicorne",NA,NA,NA,NA,NA,NA,NA,NA
"175",NA,NA,NA,NA,"Americorophium stimpsoni",NA,"Americorophium stimpsoni",NA,"Americorophium stimpsoni","Americorophium stimpsoni",NA,"Adult","Americorophium stimpsoni","Species","Arthropoda","Malacostraca","Amphipoda","Corophiidae","Americorophium","stimpsoni",NA,NA,NA,NA,NA,NA,NA,NA
"176",NA,NA,NA,NA,"Corophium alienense",NA,"Corophium alienense",NA,"Corophium alienense","Corophium alienense",NA,"Adult","Sinocorophium alienense","Species","Arthropoda","Malacostraca","Amphipoda","Corophiidae","Sinocorophium","alienense",1973-01-01,NA,NA,NA,NA,NA,NA,NA
"177",NA,NA,NA,NA,"Gammarus daiberi",NA,"Gammarus daiberi",NA,NA,NA,NA,"Adult","Gammarus daiberi","Species","Arthropoda","Malacostraca","Amphipoda","Gammaridae","Gammarus","daiberi",1983-01-01,NA,NA,NA,NA,NA,NA,NA
"178",NA,NA,NA,NA,NA,NA,NA,NA,"Stylaria","Stylaria",NA,"Undifferentiated","Stylaria","Genus","Annelida","Oligochaeta","Haplotaxida","Naididae","Stylaria",NA,NA,NA,NA,NA,NA,NA,NA,NA
"179",NA,NA,NA,NA,NA,NA,NA,NA,"Oligocheate","Oligocheate",NA,"Undifferentiated","Oligochaeta","Class","Annelida","Oligochaeta",NA,NA,NA,NA,NA,NA,NA,NA,NA,NA,NA,NA
"180",NA,NA,NA,NA,NA,NA,NA,NA,"Hediste limnicola","Hediste limnicola",NA,"Undifferentiated","Hediste limnicola","Species","Annelida","Polychaeta","Phyllodocida","Nereididae","Hediste","limnicola",NA,NA,NA,NA,NA,NA,NA,NA
"181",NA,NA,NA,NA,NA,NA,NA,NA,"Macrocyclops","Macrocyclops",NA,"Adult","Macrocyclops","Genus","Arthropoda","Copepoda","Cyclopoida","Cyclopidae","Macrocyclops",NA,NA,NA,NA,NA,NA,NA,NA,NA
"182",NA,NA,NA,NA,NA,NA,NA,NA,"Homocyclops","Homocyclops",NA,"Adult","Homocyclops","Genus","Arthropoda","Copepoda","Cyclopoida","Cyclopidae","Homocyclops",NA,NA,NA,NA,NA,NA,NA,NA,NA
"183",NA,NA,NA,NA,NA,NA,NA,NA,"Mesocyclops","Mesocyclops",NA,"Adult","Mesocyclops","Genus","Arthropoda","Copepoda","Cyclopoida","Cyclopidae","Mesocyclops",NA,NA,NA,NA,NA,NA,NA,NA,NA
"184",NA,NA,NA,NA,NA,NA,NA,NA,"Copepod UNID","Copepod UNID",NA,"Adult","Copepoda","Class","Arthropoda","Copepoda",NA,NA,NA,NA,NA,NA,NA,NA,NA,NA,NA,NA
"185",NA,NA,NA,NA,NA,NA,NA,NA,"Parasitic Copepod","Parasitic Copepod",NA,"Adult","Copepoda","Class","Arthropoda","Copepoda",NA,NA,NA,NA,NA,NA,NA,NA,NA,NA,NA,NA
"186",NA,NA,NA,NA,NA,NA,NA,NA,"Hydrophilidae Larvae Beetle","Hydrophilidae Larvae Beetle",NA,"Larva","Hydrophilidae","Family","Arthropoda","Insecta","Coleoptera","Hydrophilidae",NA,NA,NA,NA,NA,NA,NA,NA,NA,NA
"187",NA,NA,NA,NA,NA,NA,NA,NA,"Hydrophilidae Adult Beetle","Hydrophilidae Adult Beetle",NA,"Adult","Hydrophilidae","Family","Arthropoda","Insecta","Coleoptera","Hydrophilidae",NA,NA,NA,NA,NA,NA,NA,NA,NA,NA
"188",NA,NA,NA,NA,NA,NA,NA,NA,"Coleoptera Other","Coleoptera Other",NA,"Adult","Coleoptera","Order","Arthropoda","Insecta","Coleoptera",NA,NA,NA,NA,NA,NA,NA,NA,NA,NA,NA
"189",NA,NA,NA,NA,NA,NA,NA,NA,"Dytiscidae larvae","Dytiscidae larvae",NA,"Larva","Dytiscidae","Family","Arthropoda","Insecta","Coleoptera","Dytiscidae",NA,NA,NA,NA,NA,NA,NA,NA,NA,NA
"190",NA,NA,NA,NA,NA,NA,NA,NA,"Staphylinidae adult","Staphylinidae adult",NA,"Adult","Staphylinidae","Family","Arthropoda","Insecta","Coleoptera","Staphylinidae",NA,NA,NA,NA,NA,NA,NA,NA,NA,NA
"191",NA,NA,NA,NA,NA,NA,NA,NA,"Curculionidae","Curculionidae",NA,"Adult","Curculionidae","Family","Arthropoda","Insecta","Coleoptera","Curculionidae",NA,NA,NA,NA,NA,NA,NA,NA,NA,NA
"192",NA,NA,NA,NA,NA,NA,NA,NA,"Noteridae","Noteridae",NA,"Adult","Noteridae","Family","Arthropoda","Insecta","Coleoptera","Noteridae",NA,NA,NA,NA,NA,NA,NA,NA,NA,NA
"193",NA,NA,NA,NA,NA,NA,NA,NA,"Dytiscidae adult","Dytiscidae adult",NA,"Adult","Dytiscidae","Family","Arthropoda","Insecta","Coleoptera","Dytiscidae",NA,NA,NA,NA,NA,NA,NA,NA,NA,NA
"194",NA,NA,NA,NA,NA,NA,NA,NA,"Elmidae","Elmidae",NA,"Adult","Elmidae","Family","Arthropoda","Insecta","Coleoptera","Elmidae",NA,NA,NA,NA,NA,NA,NA,NA,NA,NA
"195",NA,NA,NA,NA,NA,NA,NA,NA,"Elmidae larvae","Elmidae larvae",NA,"Larva","Elmidae","Family","Arthropoda","Insecta","Coleoptera","Elmidae",NA,NA,NA,NA,NA,NA,NA,NA,NA,NA
"196",NA,NA,NA,NA,NA,NA,NA,NA,"Gyrinidae larvae","Gyrinidae larvae",NA,"Larva","Gyrinidae","Family","Arthropoda","Insecta","Coleoptera","Gyrinidae",NA,NA,NA,NA,NA,NA,NA,NA,NA,NA
"197",NA,NA,NA,NA,NA,NA,NA,NA,"Curculionidae Larvae","Curculionidae Larvae",NA,"Larva","Curculionidae","Family","Arthropoda","Insecta","Coleoptera","Curculionidae",NA,NA,NA,NA,NA,NA,NA,NA,NA,NA
"198",NA,NA,NA,NA,NA,NA,NA,NA,"Chrysomelidae Adult","Chrysomelidae Adult",NA,"Adult","Chrysomelidae","Family","Arthropoda","Insecta","Coleoptera","Chrysomelidae",NA,NA,NA,NA,NA,NA,NA,NA,NA,NA
"199",NA,NA,NA,NA,NA,NA,NA,NA,"Scolytinae Adult","Scolytinae Adult",NA,"Adult","Scolytus","Genus","Arthropoda","Insecta","Coleoptera","Curculionidae","Scolytus",NA,NA,NA,NA,NA,NA,NA,NA,NA
"200",NA,NA,NA,NA,NA,NA,NA,NA,"Haliplidae Larvae","Haliplidae Larvae",NA,"Larva","Haliplidae","Family","Arthropoda","Insecta","Coleoptera","Haliplidae",NA,NA,NA,NA,NA,NA,NA,NA,NA,NA
"201",NA,NA,NA,NA,NA,NA,NA,NA,"Carabidae Larvae","Carabidae Larvae",NA,"Larva","Carabidae","Family","Arthropoda","Insecta","Coleoptera","Carabidae",NA,NA,NA,NA,NA,NA,NA,NA,NA,NA
"202",NA,NA,NA,NA,NA,NA,NA,NA,"Hydraenidae","Hydraenidae",NA,"Adult","Hydraenidae","Family","Arthropoda","Insecta","Coleoptera","Hydraenidae",NA,NA,NA,NA,NA,NA,NA,NA,NA,NA
"203",NA,NA,NA,NA,NA,NA,NA,NA,"Coccinellidae Adult","Coccinellidae Adult",NA,"Adult","Coccinellidae","Family","Arthropoda","Insecta","Coleoptera","Coccinellidae",NA,NA,NA,NA,NA,NA,NA,NA,NA,NA
"204",NA,NA,NA,NA,NA,NA,NA,NA,"Ptilidae","Ptilidae",NA,"Adult","Ptiliidae","Family","Arthropoda","Insecta","Coleoptera","Ptiliidae",NA,NA,NA,NA,NA,NA,NA,NA,NA,NA
"205",NA,NA,NA,NA,NA,NA,NA,NA,"Hydroscaphidae Adult","Hydroscaphidae Adult",NA,"Adult","Hydroscaphidae","Family","Arthropoda","Insecta","Coleoptera","Hydroscaphidae",NA,NA,NA,NA,NA,NA,NA,NA,NA,NA
"206",NA,NA,NA,NA,NA,NA,NA,NA,"Tenebrionidae adult","Tenebrionidae adult",NA,"Adult","Tenebrionidae","Family","Arthropoda","Insecta","Coleoptera","Tenebrionidae",NA,NA,NA,NA,NA,NA,NA,NA,NA,NA
"207",NA,NA,NA,NA,NA,NA,NA,NA,"Coccinellidae Larvae","Coccinellidae Larvae",NA,"Larva","Coccinellidae","Family","Arthropoda","Insecta","Coleoptera","Coccinellidae",NA,NA,NA,NA,NA,NA,NA,NA,NA,NA
"208",NA,NA,NA,NA,NA,NA,NA,NA,"Scirtidae adult","Scirtidae adult",NA,"Adult","Scirtidae","Family","Arthropoda","Insecta","Coleoptera","Scirtidae",NA,NA,NA,NA,NA,NA,NA,NA,NA,NA
"209",NA,NA,NA,NA,NA,NA,NA,NA,"Earwig","Earwig",NA,"Adult","Dermaptera","Order","Arthropoda","Insecta","Dermaptera",NA,NA,NA,NA,NA,NA,NA,NA,NA,NA,NA
"210",NA,NA,NA,NA,NA,NA,NA,NA,"Ephydridae Larvae","Ephydridae Larvae",NA,"Larva","Ephydridae","Family","Arthropoda","Insecta","Diptera","Ephydridae",NA,NA,NA,NA,NA,NA,NA,NA,NA,NA
"211",NA,NA,NA,NA,NA,NA,NA,NA,"Brachycera Larvae","Brachycera Larvae",NA,"Larva","Diptera","Order","Arthropoda","Insecta","Diptera",NA,NA,NA,NA,NA,NA,NA,NA,NA,NA,NA
"212",NA,NA,NA,NA,NA,NA,NA,NA,"Diptera Larvae Other","Diptera Larvae Other",NA,"Larva","Diptera","Order","Arthropoda","Insecta","Diptera",NA,NA,NA,NA,NA,NA,NA,NA,NA,NA,NA
"213",NA,NA,NA,NA,NA,NA,NA,NA,"Brachycera Pupae","Brachycera Pupae",NA,"Pupa","Diptera","Order","Arthropoda","Insecta","Diptera",NA,NA,NA,NA,NA,NA,NA,NA,NA,NA,NA
"214",NA,NA,NA,NA,NA,NA,NA,NA,"Psychodidae larvae","Psychodidae larvae",NA,"Larva","Psychodidae","Family","Arthropoda","Insecta","Diptera","Psychodidae",NA,NA,NA,NA,NA,NA,NA,NA,NA,NA
"215",NA,NA,NA,NA,NA,NA,NA,NA,"Tabanidae","Tabanidae",NA,"Larva","Tabanidae","Family","Arthropoda","Insecta","Diptera","Tabanidae",NA,NA,NA,NA,NA,NA,NA,NA,NA,NA
"216",NA,NA,NA,NA,NA,NA,NA,NA,"Nematocera pupae","Nematocera pupae",NA,"Pupa","Diptera","Order","Arthropoda","Insecta","Diptera",NA,NA,NA,NA,NA,NA,NA,NA,NA,NA,NA
"217",NA,NA,NA,NA,NA,NA,NA,NA,"Dolichopodidae larvae","Dolichopodidae larvae",NA,"Larva","Dolichopodidae","Family","Arthropoda","Insecta","Diptera","Dolichopodidae",NA,NA,NA,NA,NA,NA,NA,NA,NA,NA
"218",NA,NA,NA,NA,NA,NA,NA,NA,"Tipulidae larvae","Tipulidae larvae",NA,"Larva","Tipulidae","Family","Arthropoda","Insecta","Diptera","Tipulidae",NA,NA,NA,NA,NA,NA,NA,NA,NA,NA
"219",NA,NA,NA,NA,NA,NA,NA,NA,"Sciomyzidae Larvae","Sciomyzidae Larvae",NA,"Larva","Sciomyzidae","Family","Arthropoda","Insecta","Diptera","Sciomyzidae",NA,NA,NA,NA,NA,NA,NA,NA,NA,NA
"220",NA,NA,NA,NA,NA,NA,NA,NA,"Culicidae Larvae","Culicidae Larvae",NA,"Larva","Culicidae","Family","Arthropoda","Insecta","Diptera","Culicidae",NA,NA,NA,NA,NA,NA,NA,NA,NA,NA
"221",NA,NA,NA,NA,NA,NA,NA,NA,"Simuliidae larvae","Simuliidae larvae",NA,"Larva","Simuliidae","Family","Arthropoda","Insecta","Diptera","Simuliidae",NA,NA,NA,NA,NA,NA,NA,NA,NA,NA
"222",NA,NA,NA,NA,NA,NA,NA,NA,"Muscidae larvae","Muscidae larvae",NA,"Larva","Muscidae","Family","Arthropoda","Insecta","Diptera","Muscidae",NA,NA,NA,NA,NA,NA,NA,NA,NA,NA
"223",NA,NA,NA,NA,NA,NA,NA,NA,"Stratiomyidae larvae","Stratiomyidae larvae",NA,"Larva","Stratiomyidae","Family","Arthropoda","Insecta","Diptera","Stratiomyidae",NA,NA,NA,NA,NA,NA,NA,NA,NA,NA
"224",NA,NA,NA,NA,NA,NA,NA,NA,"Baetidae","Baetidae",NA,"Larva","Baetidae","Family","Arthropoda","Insecta","Ephemeroptera","Baetidae",NA,NA,NA,NA,NA,NA,NA,NA,NA,NA
"225",NA,NA,NA,NA,NA,NA,NA,NA,"Caenidae","Caenidae",NA,"Larva","Caenidae","Family","Arthropoda","Insecta","Ephemeroptera","Caenidae",NA,NA,NA,NA,NA,NA,NA,NA,NA,NA
"226",NA,NA,NA,NA,NA,NA,NA,NA,"Ephemeroptera larvae Other","Ephemeroptera larvae Other",NA,"Larva","Ephemeroptera","Order","Arthropoda","Insecta","Ephemeroptera",NA,NA,NA,NA,NA,NA,NA,NA,NA,NA,NA
"227",NA,NA,NA,NA,NA,NA,NA,NA,"Tricorythidae larvae","Tricorythidae larvae",NA,"Larva","Tricorythidae","Family","Arthropoda","Insecta","Ephemeroptera","Tricorythidae",NA,NA,NA,NA,NA,NA,NA,NA,NA,NA
"228",NA,NA,NA,NA,NA,NA,NA,NA,"Leptohyphidae mayfly larvae","Leptohyphidae mayfly larvae",NA,"Larva","Tricorythodes minutus","Species","Arthropoda","Insecta","Ephemeroptera","Leptohyphidae","Tricorythodes","minutus",NA,NA,NA,NA,NA,NA,NA,NA
"229",NA,NA,NA,NA,NA,NA,NA,NA,"Ephemeroptera Adult","Ephemeroptera Adult",NA,"Adult","Ephemeroptera","Order","Arthropoda","Insecta","Ephemeroptera",NA,NA,NA,NA,NA,NA,NA,NA,NA,NA,NA
"230",NA,NA,NA,NA,NA,NA,NA,NA,"Belostomatidae","Belostomatidae",NA,"Adult","Belostomatidae","Family","Arthropoda","Insecta","Hemiptera","Belostomatidae",NA,NA,NA,NA,NA,NA,NA,NA,NA,NA
"231",NA,NA,NA,NA,NA,NA,NA,NA,"Gerridae","Gerridae",NA,"Adult","Gerridae","Family","Arthropoda","Insecta","Hemiptera","Gerridae",NA,NA,NA,NA,NA,NA,NA,NA,NA,NA
"232",NA,NA,NA,NA,NA,NA,NA,NA,"Hydrometridae","Hydrometridae",NA,"Adult","Hydrometridae","Family","Arthropoda","Insecta","Hemiptera","Hydrometridae",NA,NA,NA,NA,NA,NA,NA,NA,NA,NA
"233",NA,NA,NA,NA,NA,NA,NA,NA,"Mesoveliidae","Mesoveliidae",NA,"Adult","Mesoveliidae","Family","Arthropoda","Insecta","Hemiptera","Mesoveliidae",NA,NA,NA,NA,NA,NA,NA,NA,NA,NA
"234",NA,NA,NA,NA,NA,NA,NA,NA,"Vellidae","Vellidae",NA,"Adult","Veliidae","Family","Arthropoda","Insecta","Hemiptera","Veliidae",NA,NA,NA,NA,NA,NA,NA,NA,NA,NA
"235",NA,NA,NA,NA,NA,NA,NA,NA,"Hemiptera Other","Hemiptera Other",NA,"Adult","Hemiptera","Order","Arthropoda","Insecta","Hemiptera",NA,NA,NA,NA,NA,NA,NA,NA,NA,NA,NA
"236",NA,NA,NA,NA,NA,NA,NA,NA,"Hebridae","Hebridae",NA,"Adult","Hebridae","Family","Arthropoda","Insecta","Hemiptera","Hebridae",NA,NA,NA,NA,NA,NA,NA,NA,NA,NA
"237",NA,NA,NA,NA,NA,NA,NA,NA,"Nepidae","Nepidae",NA,"Adult","Nepidae","Family","Arthropoda","Insecta","Hemiptera","Nepidae",NA,NA,NA,NA,NA,NA,NA,NA,NA,NA
"238",NA,NA,NA,NA,NA,NA,NA,NA,"Homoptera","Homoptera",NA,"Adult","Hemiptera","Order","Arthropoda","Insecta","Hemiptera",NA,NA,NA,NA,NA,NA,NA,NA,NA,NA,NA
"239",NA,NA,NA,NA,NA,NA,NA,NA,"Leafhopper","Leafhopper",NA,"Adult","Cicadellidae","Family","Arthropoda","Insecta","Hemiptera","Cicadellidae",NA,NA,NA,NA,NA,NA,NA,NA,NA,NA
"240",NA,NA,NA,NA,NA,NA,NA,NA,"juvenile leafhopper","juvenile leafhopper",NA,"Juvenile","Cicadellidae","Family","Arthropoda","Insecta","Hemiptera","Cicadellidae",NA,NA,NA,NA,NA,NA,NA,NA,NA,NA
"241",NA,NA,NA,NA,NA,NA,NA,NA,"Psyllidae Larvae","Psyllidae Larvae",NA,"Larva","Psyllidae","Family","Arthropoda","Insecta","Hemiptera","Psyllidae",NA,NA,NA,NA,NA,NA,NA,NA,NA,NA
"242",NA,NA,NA,NA,NA,NA,NA,NA,"Hymenoptera Other","Hymenoptera Other",NA,"Adult","Hemiptera","Order","Arthropoda","Insecta","Hemiptera",NA,NA,NA,NA,NA,NA,NA,NA,NA,NA,NA
"243",NA,NA,NA,NA,NA,NA,NA,NA,"Lepidoptera Larvae","Lepidoptera Larvae",NA,"Larva","Lepidoptera","Order","Arthropoda","Insecta","Lepidoptera",NA,NA,NA,NA,NA,NA,NA,NA,NA,NA,NA
"244",NA,NA,NA,NA,NA,NA,NA,NA,"Lepidoptera adult","Lepidoptera adult",NA,"Adult","Lepidoptera","Order","Arthropoda","Insecta","Lepidoptera",NA,NA,NA,NA,NA,NA,NA,NA,NA,NA,NA
"245",NA,NA,NA,NA,NA,NA,NA,NA,"Lepidoptera pupae","Lepidoptera pupae",NA,"Pupa","Lepidoptera","Order","Arthropoda","Insecta","Lepidoptera",NA,NA,NA,NA,NA,NA,NA,NA,NA,NA,NA
"246",NA,NA,NA,NA,NA,NA,NA,NA,"Sisyridae Larvae","Sisyridae Larvae",NA,"Larva","Sisyridae","Family","Arthropoda","Insecta","Neuroptera","Sisyridae",NA,NA,NA,NA,NA,NA,NA,NA,NA,NA
"247",NA,NA,NA,NA,NA,NA,NA,NA,"Gomphidae larvae","Gomphidae larvae",NA,"Larva","Gomphidae","Family","Arthropoda","Insecta","Odonata","Gomphidae",NA,NA,NA,NA,NA,NA,NA,NA,NA,NA
"248",NA,NA,NA,NA,NA,NA,NA,NA,"Zygoptera Adult","Zygoptera Adult",NA,"Adult","Odonata","Order","Arthropoda","Insecta","Odonata",NA,NA,NA,NA,NA,NA,NA,NA,NA,NA,NA
"249",NA,NA,NA,NA,NA,NA,NA,NA,"Aeshnidae larvae","Aeshnidae larvae",NA,"Larva","Aeshnidae","Family","Arthropoda","Insecta","Odonata","Aeshnidae",NA,NA,NA,NA,NA,NA,NA,NA,NA,NA
"250",NA,NA,NA,NA,NA,NA,NA,NA,"Odonata larvae Other","Odonata larvae Other",NA,"Larva","Odonata","Order","Arthropoda","Insecta","Odonata",NA,NA,NA,NA,NA,NA,NA,NA,NA,NA,NA
"251",NA,NA,NA,NA,NA,NA,NA,NA,"Libellulidae","Libellulidae",NA,"Larva","Libellulidae","Family","Arthropoda","Insecta","Odonata","Libellulidae",NA,NA,NA,NA,NA,NA,NA,NA,NA,NA
"252",NA,NA,NA,NA,NA,NA,NA,NA,"Orthoptera","Orthoptera",NA,"Adult","Orthoptera","Order","Arthropoda","Insecta","Orthoptera",NA,NA,NA,NA,NA,NA,NA,NA,NA,NA,NA
"253",NA,NA,NA,NA,NA,NA,NA,NA,"Psocoptera Adult","Psocoptera Adult",NA,"Adult","Psocoptera","Order","Arthropoda","Insecta","Psocoptera",NA,NA,NA,NA,NA,NA,NA,NA,NA,NA,NA
"254",NA,NA,NA,NA,NA,NA,NA,NA,"Psocoptera Larvae","Psocoptera Larvae",NA,"Larva","Psocoptera","Order","Arthropoda","Insecta","Psocoptera",NA,NA,NA,NA,NA,NA,NA,NA,NA,NA,NA
"255",NA,NA,NA,NA,NA,NA,NA,NA,"Tricoptera larvae Other","Tricoptera larvae Other",NA,"Larva","Trichoptera","Order","Arthropoda","Insecta","Trichoptera",NA,NA,NA,NA,NA,NA,NA,NA,NA,NA,NA
"256",NA,NA,NA,NA,NA,NA,NA,NA,"Hydroptilidae Adult Caddisfly","Hydroptilidae Adult Caddisfly",NA,"Adult","Hydroptilidae","Family","Arthropoda","Insecta","Trichoptera","Hydroptilidae",NA,NA,NA,NA,NA,NA,NA,NA,NA,NA
"257",NA,NA,NA,NA,NA,NA,NA,NA,"Polycentripodidae larvae","Polycentripodidae larvae",NA,"Larva","Polycentropodidae","Family","Arthropoda","Insecta","Trichoptera","Polycentropodidae",NA,NA,NA,NA,NA,NA,NA,NA,NA,NA
"258",NA,NA,NA,NA,NA,NA,NA,NA,"Trichoptera Adult","Trichoptera Adult",NA,"Adult","Trichoptera","Order","Arthropoda","Insecta","Trichoptera",NA,NA,NA,NA,NA,NA,NA,NA,NA,NA,NA
"259",NA,NA,NA,NA,NA,NA,NA,NA,"Hydroptilidae Pupae Caddisfly","Hydroptilidae Pupae Caddisfly",NA,"Pupa","Hydroptilidae","Family","Arthropoda","Insecta","Trichoptera","Hydroptilidae",NA,NA,NA,NA,NA,NA,NA,NA,NA,NA
"260",NA,NA,NA,NA,NA,NA,NA,NA,"Insect larvae Other","Insect larvae Other",NA,"Larva","Insecta","Class","Arthropoda","Insecta",NA,NA,NA,NA,NA,NA,NA,NA,NA,NA,NA,NA
"261",NA,NA,NA,NA,NA,NA,NA,NA,"Juvenile Amphipod","Juvenile Amphipod",NA,"Juvenile","Amphipoda","Order","Arthropoda","Malacostraca","Amphipoda",NA,NA,NA,NA,NA,NA,NA,NA,NA,NA,NA
"262",NA,NA,NA,NA,NA,NA,NA,NA,"Melita","Melita",NA,"Adult","Melita","Genus","Arthropoda","Malacostraca","Amphipoda","Hadzioidea","Melita",NA,1938-01-01,NA,NA,NA,NA,NA,NA,NA
"263",NA,NA,NA,NA,NA,NA,NA,NA,"Ampithoe","Ampithoe",NA,"Adult","Ampithoe","Genus","Arthropoda","Malacostraca","Amphipoda","Ampithoidae","Ampithoe",NA,1941-01-01,NA,NA,NA,NA,NA,NA,NA
"264",NA,NA,NA,NA,NA,NA,NA,NA,"Eogammarus","Eogammarus",NA,"Adult","Eogammarus","Genus","Arthropoda","Malacostraca","Amphipoda","Anisogammaridae","Eogammarus",NA,NA,NA,NA,NA,NA,NA,NA,NA
"265",NA,NA,NA,NA,NA,NA,NA,NA,"Talitridae","Talitridae",NA,"Adult","Talitridae","Family","Arthropoda","malacostraca","Amphipoda","Talitridae",NA,NA,1962-01-01,NA,NA,NA,NA,NA,NA,NA
"266",NA,NA,NA,NA,NA,NA,NA,NA,"Crab megalope","Crab megalope",NA,"Larva","Decapoda","Order","Arthropoda","Malacostraca","Decapoda",NA,NA,NA,NA,NA,NA,NA,NA,NA,NA,NA
"267",NA,NA,NA,NA,NA,NA,NA,NA,"Exopalaemon","Exopalaemon",NA,"Adult","Exopalaemon modestus","Species","Arthropoda","Malacostraca","Decapoda","Palaemonidae","Exopalaemon","modestus",NA,NA,NA,NA,NA,NA,NA,NA
"268",NA,NA,NA,NA,NA,NA,NA,NA,"Shrimp Other","Shrimp Other",NA,"Adult","Decapoda","Order","Arthropoda","Malacostraca","Decapoda",NA,NA,NA,NA,NA,NA,NA,NA,NA,NA,NA
"269",NA,NA,NA,NA,NA,NA,NA,NA,"Crayfish","Crayfish",NA,"Adult","Pacifastacus","Genus","Arthropoda","Malacostraca","Decapoda","Astacidae","Pacifastacus",NA,NA,NA,NA,NA,NA,NA,NA,NA
"270",NA,NA,NA,NA,NA,NA,NA,NA,"Palaemonetes","Palaemonetes",NA,"Adult","Palaemon","Genus","Arthropoda","Malacostraca","Decapoda","Palaemonidae","Palaemon",NA,NA,NA,NA,NA,NA,NA,NA,NA
"271",NA,NA,NA,NA,NA,NA,NA,NA,"Juvenile Shrimp","Juvenile Shrimp",NA,"Juvenile","Decapoda","Order","Arthropoda","Malacostraca","Decapoda",NA,NA,NA,NA,NA,NA,NA,NA,NA,NA,NA
"272",NA,NA,NA,NA,NA,NA,NA,NA,"Crangon","Crangon",NA,"Adult","Crangon","Genus","Arthropoda","Malacostraca","Decapoda","Crangonidae","Crangon",NA,NA,NA,NA,NA,NA,NA,NA,NA
"273",NA,NA,NA,NA,NA,NA,NA,NA,"Harris Mud Crab","Harris Mud Crab",NA,"Adult","Rhithropanopeus harrisii","Species","Arthropoda","Malacostraca","Decapoda","Panopeidae","Rhithropanopeus","harrisii",NA,NA,NA,NA,NA,NA,NA,NA
"274",NA,NA,NA,NA,NA,NA,NA,NA,"Mississippi Grass Shrimp","Mississippi Grass Shrimp",NA,"Adult","Palaemon","Genus","Arthropoda","Malacostraca","Decapoda","Palaemonidae","Palaemon",NA,NA,NA,NA,NA,NA,NA,NA,NA
"275",NA,NA,NA,NA,NA,NA,NA,NA,"Palaemon","Palaemon",NA,"Adult","Palaemon","Genus","Arthropoda","Malacostraca","Decapoda","Palaemonidae","Palaemon",NA,NA,NA,NA,NA,NA,NA,NA,NA
"276",NA,NA,NA,NA,NA,NA,NA,NA,"Asellidae","Asellidae",NA,"Adult","Asellidae","Family","Arthropoda","Malacostraca","Isopoda","Asellidae",NA,NA,NA,NA,NA,NA,NA,NA,NA,NA
"277",NA,NA,NA,NA,NA,NA,NA,NA,"Ligidium","Ligidium",NA,"Adult","Ligidium lates??","Species","Arthropoda","Malacostraca","Isopoda","Ligiidae","Ligidium","lates??",NA,NA,NA,NA,NA,NA,NA,NA
"278",NA,NA,NA,NA,NA,NA,NA,NA,"Caecidotea","Caecidotea",NA,"Adult","Caecidotea","Genus","Arthropoda","Malacostraca","Isopoda","Asellidae","Caecidotea",NA,NA,NA,NA,NA,NA,NA,NA,NA
"279",NA,NA,NA,NA,NA,NA,NA,NA,"Munnidae","Munnidae",NA,"Adult","Munnidae","Family","Arthropoda","Malacostraca","Isopoda","Munnidae",NA,NA,NA,NA,NA,NA,NA,NA,NA,NA
"280",NA,NA,NA,NA,NA,NA,NA,NA,"Isopod other","Isopod other",NA,"Adult","Isopoda","Order","Arthropoda","Malacostraca","Isopoda",NA,NA,NA,NA,NA,NA,NA,NA,NA,NA,NA
"281",NA,NA,NA,NA,NA,NA,NA,NA,"Juvenile Isopod","Juvenile Isopod",NA,"Juvenile","Isopoda","Order","Arthropoda","Malacostraca","Isopoda",NA,NA,NA,NA,NA,NA,NA,NA,NA,NA,NA
"282",NA,NA,NA,NA,NA,NA,NA,NA,"Acanthomysis bowmani","Acanthomysis bowmani",NA,"Adult","Hyperacanthomysis longirostris","Species","Arthropoda","Malacostraca","Mysida","Mysidae","Hyperacanthomysis","longirostris",1993-01-01,NA,NA,NA,NA,NA,NA,NA
"283",NA,NA,"A_hwanhaiensis",NA,"Acanthomysis hwanhaiensis",NA,"Acanthomysis hwanhaiensis",NA,"Acanthomysis hwanhaiensis","Acanthomysis hwanhaiensis",NA,"Adult","Orientomysis hwanhaiensis","Species","Arthropoda","Malacostraca","Mysida","Mysidae","Orientomysis","hwanhaiensis",1997-01-01,1993-01-01,NA,NA,NA,NA,NA,NA
"284",NA,NA,"A_macropsis",NA,"Alienacanthomysis macropsis",NA,"Alienacanthomysis macropsis",NA,"Acanthomysis macropsis","Acanthomysis macropsis",NA,"Adult","Alienacanthomysis macropsis","Species","Arthropoda","Malacostraca","Mysida","Mysidae","Alienacanthomysis","macropsis",NA,1994-01-01,NA,NA,NA,NA,NA,NA
"285",NA,NA,"D_holmquistae",NA,"Deltamysis holmquistae",NA,"Deltamysis holmquistae",NA,"Deltamysis homquistae","Deltamysis homquistae",NA,"Adult","Deltamysis holmquistae","Species","Arthropoda","Malacostraca","Mysida","Mysidae","Deltamysis","holmquistae",1977-01-01,1979-01-01,NA,NA,NA,NA,NA,NA
"286",NA,NA,"Unidentified_mysid",NA,"Unidentified Mysid",NA,"Unidentified Mysid",NA,"Mysid Other","Mysid Other",NA,"Adult","Mysida","Order","Arthropoda","Malacostraca","Mysida",NA,NA,NA,NA,NA,NA,NA,NA,NA,NA,NA
"287",NA,NA,NA,NA,NA,NA,NA,NA,"Juvenile Mysid","Juvenile Mysid",NA,"Juvenile","Mysida","Order","Arthropoda","Malacostraca","Mysida",NA,NA,NA,NA,NA,NA,NA,NA,NA,NA,NA
"288",NA,NA,"H_longirostris",NA,"Hyperacanthomysis longirostris",NA,"Hyperacanthomysis longirostris",NA,"Hyperacanthomysis longirostris","Hyperacanthomysis longirostris",NA,"Adult","Hyperacanthomysis longirostris","Species","Arthropoda","Malacostraca","Mysida","Mysidae","Hyperacanthomysis","longirostris",1993-01-01,1993-01-01,NA,NA,NA,NA,NA,NA
"289",NA,NA,NA,NA,NA,NA,NA,NA,"Malcostraca Other","Malcostraca Other",NA,"Undifferentiated","Malacostraca","Class","Arthropoda","Malacostraca",NA,NA,NA,NA,NA,NA,NA,NA,NA,NA,NA,NA
"290",NA,NA,NA,NA,NA,NA,NA,NA,"Magnificent Bryozoan","Magnificent Bryozoan",NA,"Adult","Pectinatella magnifica","Species","Bryozoa","Phylactolaemata","Plumatellida","Pectinatellidae","Pectinatella","magnifica",NA,NA,NA,NA,NA,NA,NA,NA
"291",NA,NA,NA,NA,NA,NA,NA,NA,"Cnidaria Other","Cnidaria Other",NA,"Undifferentiated","Cnidaria","Phylum","Cnidaria",NA,NA,NA,NA,NA,NA,NA,NA,NA,NA,NA,NA,NA
"292",NA,NA,NA,NA,NA,NA,NA,NA,"Aequorea spp.","Aequorea spp.",NA,"Undifferentiated","Aequorea","Genus","Cnidaria","Hydrozoa","Leptothecata","Aequoreidae","Aequorea",NA,NA,NA,NA,NA,NA,NA,NA,NA
"293",NA,NA,NA,NA,NA,NA,NA,NA,"Jellyfish Unid","Jellyfish Unid",NA,"Undifferentiated","Cnidaria","Phylum","Cnidaria",NA,NA,NA,NA,NA,NA,NA,NA,NA,NA,NA,NA,NA
"294",NA,NA,NA,NA,NA,NA,NA,NA,"Maeotias","Maeotias",NA,"Undifferentiated","Maeotias","Genus","Cnidaria","Hydrozoa","Limnomedusae","Olindiidae","Maeotias",NA,NA,NA,NA,NA,NA,NA,NA,NA
"295",NA,NA,NA,NA,NA,NA,NA,NA,"Moon Jellyfish","Moon Jellyfish",NA,"Undifferentiated","Aurelia","Genus","Cnidaria","Scyphozoa","Semaeostomeae","Ulmaridae","Aurelia",NA,NA,NA,NA,NA,NA,NA,NA,NA
"296",NA,NA,NA,NA,NA,NA,NA,NA,"Potamocorbula","Potamocorbula",NA,"Adult","Potamocorbula amurensis","Species","Mollusca","Bivalvia","Myoida","Corbulidae","Potamocorbula","amurensis",NA,NA,NA,NA,NA,NA,NA,NA
"297",NA,NA,NA,NA,NA,NA,NA,NA,"Juvenile Clam","Juvenile Clam",NA,"Juvenile","Bivalvia","Class","Mollusca","Bivalvia",NA,NA,NA,NA,NA,NA,NA,NA,NA,NA,NA,NA
"298",NA,NA,NA,NA,NA,NA,NA,NA,"Corbicula","Corbicula",NA,"Adult","Corbicula fluminea","Species","Mollusca","Bivalvia","Veneroida","Corbiculidae","Corbicula","fluminea",NA,NA,NA,NA,NA,NA,NA,NA
"299",NA,NA,NA,NA,NA,NA,NA,NA,"Clam Other","Clam Other",NA,"Adult","Bivalvia","Class","Mollusca","Bivalvia",NA,NA,NA,NA,NA,NA,NA,NA,NA,NA,NA,NA
"300",NA,NA,NA,NA,NA,NA,NA,NA,"clam other","clam other",NA,"Adult","Bivalvia","Class","Mollusca","Bivalvia",NA,NA,NA,NA,NA,NA,NA,NA,NA,NA,NA,NA
"301",NA,NA,NA,NA,NA,NA,NA,NA,"Fluminicola","Fluminicola",NA,"Adult","Fluminicola","Genus","Mollusca","Gastopoda","Littorinimorpha","Lythoglyphidae","Fluminicola",NA,NA,NA,NA,NA,NA,NA,NA,NA
"302",NA,NA,NA,NA,NA,NA,NA,NA,"Fossaria","Fossaria",NA,"Adult","Galba","Genus","Mollusca","Gastropoda","Basommatophora","Lymnaeidae","Galba",NA,NA,NA,NA,NA,NA,NA,NA,NA
"303",NA,NA,NA,NA,NA,NA,NA,NA,"Lymnaea","Lymnaea",NA,"Adult","Lymnaea","Genus","Mollusca","Gastropoda","Basommatophora","Lymnaeidae","Lymnaea",NA,NA,NA,NA,NA,NA,NA,NA,NA
"304",NA,NA,NA,NA,NA,NA,NA,NA,"Hydrobiidae","Hydrobiidae",NA,"Adult","Hydrobiidae","Family","Mollusca","Gastropoda","Littorinimorpha","Hydrobiidae",NA,NA,NA,NA,NA,NA,NA,NA,NA,NA
"305",NA,NA,NA,NA,NA,NA,NA,NA,"Nudibranch","Nudibranch",NA,"Undifferentiated","Nudibranchia","Order","Mollusca","Gastropoda","Nudibranchia",NA,NA,NA,NA,NA,NA,NA,NA,NA,NA,NA
"306",NA,NA,NA,NA,NA,NA,NA,NA,"Melanoides tuberculata","Melanoides tuberculata",NA,"Adult","Melanoides tuberculata","Species","Mollusca","Gastropoda","Caenogastropoda","Thiaridae","Melanoides","tuberculata",NA,NA,NA,NA,NA,NA,NA,NA
"307",NA,NA,NA,NA,NA,NA,NA,NA,"Snail Other","Snail Other",NA,"Adult","Gastropoda","Class","Mollusca","Gastropoda",NA,NA,NA,NA,NA,NA,NA,NA,NA,NA,NA,NA
"308",NA,NA,NA,NA,NA,NA,NA,NA,"Planorbella","Planorbella",NA,"Adult","Planorbella","Genus","Mollusca","Gastropoda","Hygrophila","Planorbidae","Planorbella",NA,NA,NA,NA,NA,NA,NA,NA,NA
"309",NA,NA,NA,NA,NA,NA,NA,NA,"Planorbidae UNID","Planorbidae UNID",NA,"Adult","Planorbidae","Family","Mollusca","Gastropoda","Hygrophila","Planorbidae",NA,NA,NA,NA,NA,NA,NA,NA,NA,NA
"310",NA,NA,NA,NA,NA,NA,NA,NA,"Slug","Slug",NA,"Adult","Gastropoda","Class","Mollusca","Gastropoda",NA,NA,NA,NA,NA,NA,NA,NA,NA,NA,NA,NA
"311",NA,NA,NA,NA,NA,NA,NA,NA,"Prostoma","Prostoma",NA,"Undifferentiated","Prostoma","Genus","Nemertea","Enopla","Monostilifera","Tetrastemmatidae","Prostoma",NA,NA,NA,NA,NA,NA,NA,NA,NA
"312",NA,NA,NA,NA,NA,NA,NA,NA,"Nemertea","Nemertea",NA,"Undifferentiated","Nemertea","Phylum","Nemertea",NA,NA,NA,NA,NA,NA,NA,NA,NA,NA,NA,NA,NA
"313",NA,NA,NA,NA,NA,NA,NA,NA,"Animal material UNID","Animal material UNID",NA,"Undifferentiated","Animal material UNID",NA,NA,NA,NA,NA,NA,NA,NA,NA,NA,NA,NA,NA,NA,NA
"314",NA,NA,NA,NA,NA,NA,NA,NA,"Eggs UNID","Eggs UNID",NA,"Egg","Egg",NA,NA,NA,NA,NA,NA,NA,NA,NA,NA,NA,NA,NA,NA,NA
"315",NA,NA,NA,NA,NA,NA,NA,NA,"Egg Sacs","Egg Sacs",NA,"Egg","UNID",NA,NA,NA,NA,NA,NA,NA,NA,NA,NA,NA,NA,NA,NA,NA
"316",NA,NA,NA,NA,NA,NA,NA,NA,"Curculionidae adult","Curculionidae adult",NA,"Adult","Curculionidae","Family","Arthropoda","Insecta","Coleoptera","Curculionidae",NA,NA,NA,NA,NA,NA,NA,NA,NA,NA
"317",NA,NA,NA,NA,NA,NA,NA,NA,"Fish Eggs","Fish Eggs",NA,"Egg","Chordata","Phylum","Chordata",NA,NA,NA,NA,NA,NA,NA,NA,NA,NA,NA,NA,NA
